"Timestamp","What is the culture’s region","Culture","Subsistence Type","Latitude","Longitude","What Row or rows (if more than one) of the Google Sheet are you coding?","What is the citation?","Does the text about the ritual describe bodily marking, special clothing or other physical markers for the person undergoing the ritual?","Does the text about the ritual describe a dietary restriction?","Does the text describe a social prohibition as part of the ritual?","Does the text describe a sexual prohibition as part of the ritual?","Does the Ritual involve participants being in a “liminal state”?","Does the Ritual involve Reaggregation/ Incorporation?","Based on your reading of the text, would you consider the ritual rite of passage?","Isolation_Reintegration","Forgiveness","Does the Ritual appear to involve Releasing of the Dead (or purifying dead/evil spirits)?","Purification_or_Cleansing","Does the Ritual involve Healing/Reestablishment of Balance?","Healing","Therapeutic","Does the Ritual also include a Cultural Incentive (Reward)","Does the cultural reward involve items received from other group members?","Does the warrior receive servitude (acquiring own slave/servants)","Does it involve sexual benefits (potential wives, mating, match-making, etc)","Does the warrior receive material items (access to resources, loots, items that will be beneficial for those who participated)","If there are bodily marking or clothing for the ritual participant, do they appear to indicate polluted or contaminated status?","If yes, is it more than one month? Less than one month?","If yes, is it more than one month? Less than one month","Based on the reading and your understanding, does this appear to be a purification ritual?","Is the person undergoing the ritual considered contaminated such as by blood, ghosts of the dead, or any other influence?...33","...34","Is there a third party person (priest, another warrior, etc) who is also involved in the ritual or leads or guides it?","Does the text describe destruction of items touched by the contaminated warrior?","Is the person undergoing the ritual considered contaminated such as by blood, ghosts of the dead, or any other influence?...37","If the person undergoing the ritual is considered contaminated, are they described as contagious (can others acquire the contamination)?","Are there any other details that are relevant or that you want to share or flag?","...40","...41","...42","...43","...44"
2024-07-14 21:37:36.896,"Africa","Akan","Horticulturalists",1.01901,10.87944,"1","Johnson, J. C. de Graft. 1932. “The Fanti Asafu.” Africa Vol. 5: 307–22. https://ehrafworldcultures-yale-edu.ezproxy.bu.edu/document?id=fe12-024.","No","No","No","No","No","No","No","No","No","No","No","No","No","No","No",NA,NA,NA,NA,"No",NA,NA,"No","No",NA,"No","No","No","No","This talks about a pre-battle ritual, not Post-Combat Ritual",NA,NA,NA,NA,NA
2024-07-15 16:36:51.362,"Africa","Bagisu","Horticulturalists",34,45,"8","Roscoe, John. 1924. “The Bagesu and Other Tribes of the Uganda Protectorate: The Third Part of Hte Report of the Mackie Ethnological Expedition to Central Africa.” In . Cambridge [Eng.]: The University Press. https://ehrafworldcultures.yale.edu/document?id=fk13-002.","Yes","Yes","Yes","Yes","Yes","Yes","Yes","Yes","No","No","Yes","No","No","No","No",NA,NA,NA,NA,"Yes","Text does not specify","Text does not specify","Yes","Yes",NA,"Yes","No","Yes","Yes","The wife and children of the warrior take part in it as well, for purification.",NA,NA,NA,NA,NA
2024-07-15 16:41:38.655,"Africa","Banyoro","Horticulturalists",1,30.3,"45545","Roscoe, John (, and - Mackie Ethnological Expedition To Central Africa. 1923. The Bakitara or Banyoro: The First Part of the Report of the Mackie Ethnological Expedition to Central Africa. Cambridge [Eng.]: The University Press. https://ehrafworldcultures.yale.edu/document?id=fk11-014.","Yes","Yes","Yes","Yes","Yes","No","Yes","Yes","Yes","Yes","Yes","No","No","Yes","Yes","No","Yes","Yes","Yes","No","Text does not specify","Text does not specify","Yes","Yes",NA,"Yes","No","Yes","No","There’s describe at least 3 purification rituals. First describe a more therapeutic/healing ritual, and the third one describes a rite of passage ritual.",NA,NA,NA,NA,NA
2024-07-17 22:25:34.846,"Africa","Dogon","Intensive Agriculturalists",13,4,"18","Dieterlen, Germaine, and Sherri L. Granka. 1942. “The Souls of the Dogons.” In Travaux et Mémoires, HRAF MS: i, 307  [original: viii, 314 ]. Paris: Institut d’Ethnologie. https://ehrafworldcultures-yale-edu.ezproxy.bu.edu/document?id=fa16-011.","No","No","No","No","No","No","No","No","No","Yes","Yes","No","Yes","Yes","No",NA,NA,NA,NA,NA,NA,NA,"Yes","Yes",NA,"No","No","Yes","No","Sacrifice is the main theme with the purification ritual, followed by chanting(prayer)",NA,NA,NA,NA,NA
2024-07-17 22:34:07.951,"Africa","Fon","Horticulturalists",8,5,"21","Argyle, William John. 1966. “The Fon of Dahomey: A History and Ethnography of the Old Kingdom.” In Oxford Monographs on Social Anthropology, [7], 210. Oxford: Clarendon Press. https://ehrafworldcultures-yale-edu.ezproxy.bu.edu/document?id=fa18-006.","No","No","No","No","No","No","No","No","No","No","No","No","No","No","Yes","Yes","No","No","Yes",NA,NA,NA,"No","No",NA,"Yes","No","No","No",NA,NA,NA,NA,NA,NA
2024-07-17 22:37:00.619,"Africa","Ganda","Intensive Agriculturalists",7.983,-6.25,"22","Roscoe, John. 1911. The Baganda: An Account of Their Native Customs and Beliefs. London: Macmillan and Co. https://ehrafworldcultures.yale.edu/document?id=fk07-002.","No","No","No","No","No","No","No","No","No","No","No","No","No","No","Yes","Yes","Yes","Yes","Yes",NA,NA,NA,"No","No",NA,"Yes","No","No","No",NA,NA,NA,NA,NA,NA
2024-07-17 22:46:16.423,"Africa","Gikuyu","Intensive Agriculturalists",1.2472,36.6791,"27","Kenyatta, Jomo. 1953. Facing Mount Kenya: The Tribal Life of the Gikuyu. London: Secker and Warburg. https://ehrafworldcultures.yale.edu/document?id=fl10-004.","Yes","Yes","Yes","Yes","Yes","Yes","Yes","Yes","No","Yes","Yes","Yes","No","Yes","Yes","Yes","No","No","Yes","Yes","Less than one month","Less than one month","Yes","Yes",NA,"Yes","No","Yes","No",NA,NA,NA,NA,NA,NA
2024-07-17 23:02:44.048,"Africa","Igbo","Horticulturalists",9.082,8.6753,"33","McCall, John C. (John Christensen). 2000. Dancing Histories: Heuristic Ethnography with the Ohafia Igbo. Ann Arbor: University of Michigan Press. https://ehrafworldcultures.yale.edu/document?id=ff26-048.","Yes","No","Yes","No","Yes","Yes","Yes","Yes","Yes","Yes","Yes","Yes","Yes","Yes","Yes","Yes","No","No","No","Yes","Less than one month",NA,"Yes","Yes",NA,"Yes","Yes","Yes","Yes",NA,NA,NA,NA,NA,NA
2024-07-17 23:08:22.506,"Africa","Igbo","Horticulturalists",6.45,3.417,"34-35","McCall, John C. (John Christensen). 2000. Dancing Histories: Heuristic Ethnography with the Ohafia Igbo. Ann Arbor: University of Michigan Press. https://ehrafworldcultures.yale.edu/document?id=ff26-048.","Yes","No","No","No","No","No","No","No","Yes","Yes","Yes","Yes","Yes","Yes","Yes","Yes","No","No","No","Yes",NA,NA,"Yes","Yes",NA,"Yes","Yes","Yes","No",NA,NA,NA,NA,NA,NA
2024-07-17 23:12:39.202,"Africa","Ila","Horticulturalists",8.317,38.75,"36","Smith, Edwin William and Dale, Andrew Murray, d. 1919. 1920. The Ila-Speaking Peoples of Northern Rhodesia: Vol. 1. London: MacMillan and Co. https://ehrafworldcultures.yale.edu/document?id=fq06-001.","No","No","No","No","No","No","No","No","No","Yes","Yes","Yes","Yes","Yes","Yes","Yes","No","No","Yes",NA,NA,NA,"Yes","Yes",NA,"Yes","No","Yes","No",NA,NA,NA,NA,NA,NA
2024-07-17 23:32:28.836,"Africa","Konso","Intensive Agriculturalists",5.15,37.29,"43","Hallpike, C. R. (Christopher Robert). 2008. The Konso of Ethiopia: A Study of the Values of an East Cushitic People. Central Milton Keynes: AuthorHouse. https://ehrafworldcultures.yale.edu/document?id=mp17-004.","Yes","No","No","No","No","No","No","No","No","No","No","No","No","No","Yes","Yes","No","Yes","No","No",NA,NA,"No","No",NA,"Yes","No","No","No",NA,NA,NA,NA,NA,NA
2024-07-18 01:31:25.064,"Africa","Nuba","Intensive Agriculturalists",12,30.75,"57","Nadel, S. F. (Siegfried Frederick). 1947. The Nuba: An Anthropological Study of the Hill Tribes in Kordofan. London: Oxford University Press. https://ehrafworldcultures.yale.edu/document?id=fj21-001.","Yes","Yes","Yes","Yes","Yes","Yes","Yes","Yes","No","No","No","No","No","No","Yes","Yes","No","No","No","Yes","Less than one month","Less than one month","Yes","No",NA,"No","No","No","No",NA,NA,NA,NA,NA,NA
2024-07-18 01:43:02.294,"Africa","Ovambo","Agro-pastoralists",17.3,14,"61-62","Loeb, Edwin M. (Edwin Meyer). 1962. “In Feudal Africa.” In Publication ... of the Indiana University Research Center in Anthropology, Folklore, and Linguistics ; International Journal of American Linguistics, v. 28:xxi, 383. Bloomington: [s. n.]. https://ehrafworldcultures.yale.edu/document?id=fx08-005.","Yes","Yes","Yes","Yes","Yes","Yes","Yes","No","Yes","No","No","No","No","No","Yes","Yes","No","Yes","Yes","No","Less than one month","Less than one month","Yes","No",NA,"No","No","Yes","Yes",NA,NA,NA,NA,NA,NA
2024-07-18 01:45:41.215,"Africa","Ovambo","Agro-pastoralists",18,15.25,"63","Hiltunen, Maija. 1993. “Good Magic in Ovambo.” In Transactions of the Finnish Anthropological Society ; Suomen Antropologisen Seuran Toimituksia, 234. Helsinki: Suomen Antropologinen Seura. https://ehrafworldcultures.yale.edu/document?id=fx08-014.","No","No","No","No","No","No","No","No","No","No","Yes","Yes","Yes","No","No",NA,NA,NA,NA,NA,NA,NA,"No","No",NA,"Yes","No","No","No","Details too vague to determine",NA,NA,NA,NA,NA
2024-07-18 01:47:30.363,"Africa","Ovambo","Agro-pastoralists",18.3,17.3,"64","Tönjes, Hermann. 1996. Ovamboland: Country, People, Mission, with Particular Reference to the Largest Tribe, the Kwanyama. Windhoek, Namibia: Namibian Scientific Society. https://ehrafworldcultures.yale.edu/document?id=fx08-013.","No","No","No","No","No","No","No","No","No","Yes","Yes","Yes","Yes","Yes","No",NA,NA,NA,NA,NA,NA,NA,"Yes","Yes",NA,"Yes","No","Yes","No",NA,NA,NA,NA,NA,NA
2024-07-18 02:09:17.27,"Africa","Tiv","Horticulturalists",6,8,"76","Bohannan, Paul, and Laura Bohannan. 1969. “A Source Book on Tiv Religion.” In HRAFlex Books. Ethnography Series, 5 v. (xv, 802 leaves). New Haven, Conn.: Human Relations Area Files. https://ehrafworldcultures.yale.edu/cultures/ff57/documents/030.","No","No","No","No","No","No","No","No","No","No","No","No","No","No","No",NA,NA,NA,NA,"No",NA,NA,"No","No",NA,"No","No","No","No","Very little details to determine",NA,NA,NA,NA,NA
2024-07-18 02:16:58.488,"Africa","Tsonga","Agro-pastoralists",-13.44659,33.85364,"79-80","Junod, Henri Alexandre. 1927. “The Life of a South African Tribe: Vol. 1.” In . London: Macmillan and Co., Limited. https://ehrafworldcultures.yale.edu/document?id=ft06-001.","Yes","Yes","No","Yes","No","No","No","Yes","No","Yes","Yes","Yes","No","Yes","No",NA,NA,NA,NA,"No",NA,"Text does not specify","Yes","Yes",NA,"Yes","No","Yes","No",NA,NA,NA,NA,NA,NA
2024-07-18 02:27:28,"Africa","Zulu","Agro-pastoralists",-28,31,"86","Reader, D. H. 1966. Zulu Tribe in Transition: By D.H. Reader. [Manchester]: Manchester University Press. https://ehrafworldcultures.yale.edu/document?id=fx20-006.","No","No","No","No","No","No","No","Yes","Yes","No","Yes","Yes","Yes","Yes","No",NA,NA,NA,NA,NA,NA,NA,"Yes","Yes",NA,"Yes","No","No","No",NA,NA,NA,NA,NA,NA
2024-07-18 02:30:47.179,"Africa","Zulu","Agro-pastoralists",-30.5725,30.5725,"87","Edgerton, Robert B. 1988. Like Lions They Fought: The Zulu War and the Last Black Empire in South Africa. New York: Free Press ; Collier Macmillan Publishers. https://ehrafworldcultures.yale.edu/document?id=fx20-046.","Yes","No","No","No","No","No","No","No","Yes","Yes","Yes","No","Yes","Yes","No",NA,NA,NA,NA,"No",NA,NA,"Yes","Yes",NA,"Yes","No","No","No",NA,NA,NA,NA,NA,NA
2024-07-18 02:33:18.626,"Africa","Zulu","Agro-pastoralists",-31.6677961,29.4440492,"88-90","Raum, Otto Friedrich. 1973. “The Social Functions of Avoidances and Taboos among the Zulu.” In Monographien Zur Völkerkunde, xiv, 576. Berlin, New York: de Gruyter. https://ehrafworldcultures.yale.edu/document?id=fx20-015.","No","No","No","No","No","No","No","Yes","Yes","Yes","Yes","Yes","Yes","Yes","No",NA,NA,NA,NA,NA,NA,NA,"Yes","Yes",NA,"Yes","No","Yes","Yes",NA,NA,NA,NA,NA,NA
2024-07-18 02:35:32.306,"Africa","Zulu","Agro-pastoralists",-30,25,"91","Reader, D. H. 1966. Zulu Tribe in Transition: By D.H. Reader. [Manchester]: Manchester University Press. https://ehrafworldcultures-yale-edu.ezproxy.bu.edu/document?id=fx20-006.","No","No","No","No","No","No","No","No","Yes","Yes","No","Yes","No","No","No",NA,NA,NA,NA,"No",NA,NA,"Yes","Yes",NA,"Yes","No","Yes","No",NA,NA,NA,NA,NA,NA
2024-07-17 22:32:06.197,"Asia","Eastern Toraja","Horticulturalists",2,119,"20","Downs, Richard Erskine. 1956. The Religion of the Bare-’e-Speaking Toradja of Central Celebes. S-Gravenhage: Uitgeverij Excelsior. https://ehrafworldcultures.yale.edu/document?id=og11-001.","Yes","Yes","No","No","No","No","No","No","No","No","No","No","No","No","Yes","Yes","No","No","No","Yes",NA,NA,"No","No",NA,"Yes","No","No","No","This is more of a “reintegration” ritual",NA,NA,NA,NA,NA
2024-07-17 22:40:57.904,"Asia","Garo","Horticulturalists",25,89,"23-25","Sinha, Tarunchandra. 1966. “The Psyche of the Garos.” In Memoir, ix, 122. Calcutta: Anthropological Survey of India, Govt. of India. https://ehrafworldcultures.yale.edu/document?id=ar05-018.","No","Yes","No","No","No","No","No","No","Yes","Yes","Yes","Yes","Yes","Yes","Yes","Yes","No","No","Yes",NA,NA,NA,"Yes","Yes",NA,"Yes","No","No","No",NA,NA,NA,NA,NA,NA
2024-07-17 22:43:07.47,"Asia","Garo","Horticulturalists",25,90,"26","Rongmuthu, Dewansingh Shangma. 1960. “The Folk-Tales of the Garos.” In Publication, 11, 392. Gauhati [Printed In Calcutta]: University of Gauhati, Department of Publications. https://ehrafworldcultures.yale.edu/document?id=ar05-009.","No","Yes","No","No","No","No","No","No","No","No","No","No","No","No","Yes","Yes","No","No","No",NA,NA,NA,"No","No",NA,"Yes","No","No","No",NA,NA,NA,NA,NA,NA
2024-07-17 22:56:37.453,"Asia","Iban","Horticulturalists",30.986,72.575,"31","Davison, Julian, and Vinson H. Sutlive. 1991. “The Children of NISING: Images of Headhunting and Male Sexuality in Iban Ritual and Oral Literature.” In Female and Male in Borneo : Contributions and Challenges to Gender Studies, 1:153–230. Williamsburg, Va.: The Borneo Research Council, Inc., Department of Anthropology, College of William and Mary. https://ehrafworldcultures-yale-edu.ezproxy.bu.edu/document?id=oc06-035.","No","No","No","No","No","No","No","No","No","No","No","No","No","No","Yes","Yes","No","Yes","Yes","No",NA,NA,"No","No",NA,"No","No","No","No",NA,NA,NA,NA,NA,NA
2024-07-17 22:59:28.766,"Asia","Ifugao","Intensive Agriculturalists",16.8331,121.171,"32","Lambrecht, Francis. 1941. “The Mayawyaw Ritual: Parts 1-5.” In Publications, 4:4, 754. Washington, D.C.: Catholic Anthropological Conference. https://ehrafworldcultures-yale-edu.ezproxy.bu.edu/document?id=oa19-009.","No","No","No","No","No","No","No","No","Yes","Yes","Yes","No","Yes","Yes","No",NA,NA,NA,NA,NA,NA,NA,"Yes","No",NA,"No","No","No","No",NA,NA,NA,NA,NA,NA
2024-07-17 23:34:31.158,"Asia","Lepcha","Intensive Agriculturalists",27,88,"44","Siiger, Halfdan. 1967. “The Lepchas: Culture and Religion of a Himalayan People, Part 1.” In Nationalmuseets Skrifter. Etnografisk Række [Publications of the National Museum of Denmark, Ethnographical Series], 11:252, plates. Copenhagen: The National Museum of Denmark. https://ehrafworldcultures-yale-edu.ezproxy.bu.edu/document?id=ak05-013.","No","No","No","No","No","No","No","No","Yes","Yes","No","Yes","No","No","No",NA,NA,NA,NA,NA,NA,NA,"Yes","No",NA,"Yes","No","No","No",NA,NA,NA,NA,NA,NA
2024-07-17 23:40:04,"Asia","Mara","Horticulturalists",27.908,68.553,"46-47","Parry, N. E. (Neville Edward), and J. H. Hutton. 1932. The Lakhers. London: Macmillan. https://ehrafworldcultures-yale-edu.ezproxy.bu.edu/document?id=ar20-001.","No","No","No","No","No","No","No","Yes","Yes","Yes","Yes","Yes","Yes","Yes","No",NA,NA,NA,NA,NA,NA,NA,"No","Yes",NA,"Yes","No","Yes","Yes",NA,NA,NA,NA,NA,NA
2024-07-18 01:17:41.342,"Asia","Mentawaians","Horticulturalists",1.426,98.9245,"51","Schefold, Reimar. 1988. Lia: das grosse Ritual auf den Mentawai-Inseln (Indonesien). Berlin: D. Reimer. https://ehrafworldcultures.yale.edu/document?id=od09-010.","Yes","No","No","No","No","No","No","No","No","Yes","Yes","Yes","Yes","Yes","No",NA,NA,NA,NA,"No",NA,NA,"Yes","No",NA,"No","No","No","No",NA,NA,NA,NA,NA,NA
2024-07-18 02:01:58.778,"Asia","Southern Toraja","Intensive Agriculturalists",-2,119,"72","Nooy-Palm, Hetty. 1979–1986. “The Sa’dan-Toraja: A Study of Their Social Life and Religion.” In Verhandelingen van Het Koninklijk Instituut Voor Taal-, Land-, En Volkenkunde, v. 1: xii, 338 ; v. 2: x, 380. The Hague: Martinus Nijhoff. https://ehrafworldcultures.yale.edu/document?id=og13-007.","No","No","No","No","No","No","No","No","No","No","No","No","No","No","No",NA,NA,NA,NA,"No",NA,NA,"No","No",NA,"No","No","No","No",NA,NA,NA,NA,NA,NA
2024-07-18 02:13:03.943,"Asia","Tobelo","Horticulturalists",1.7275,128.0112,"78","Hueting, A. 1922. “De Tobeloreezen in Hun Denken En Doen: Part 2.” In Bijdragen Tot de Taal- Land- En Volkenkunde van Nederlandsch Indië, Vol. 78:137–342. S’Gravenhage: M. Nijhoff. https://ehrafworldcultures.yale.edu/cultures/oh18/documents/010.","No","No","No","No","No","No","No","No","No","Yes","Yes","Yes","No","Yes","No",NA,NA,NA,NA,"No",NA,NA,"Yes","Yes",NA,"No","No","Yes","No",NA,NA,NA,NA,NA,NA
2024-07-17 23:16:08.538,"Middle East","Israelites","Intensive Agriculturalists",29,34,"37-38","Vaux, Roland de. 1961. Ancient Israel: Its Life and Institutions. New York: McGraw-Hill. https://ehrafworldcultures.yale.edu/document?id=mf07-001.","No","No","No","No","No","No","No","Yes","Yes","Yes","Yes","Yes","Yes","Yes","No",NA,NA,NA,NA,NA,NA,NA,"Yes","Yes",NA,"No","No","Yes","No",NA,NA,NA,NA,NA,NA
2024-07-18 01:50:55.32,"Middle East","Rwala Bedouin","Pastoralists",30.5852,36.2384,"66-67","Musil, Alois. 1928. “The Manners and Customs of the Rwala Bedouins.” In Oriental Explorations and Studies, xiv, 712. New York: The American Geographical Society. https://ehrafworldcultures-yale-edu.ezproxy.bu.edu/document?id=md04-002.","Yes","No","No","No","No","No","No","No","No","No","No","No","No","No","No",NA,NA,NA,NA,"No",NA,NA,"No","No",NA,"No","No","No","No",NA,NA,NA,NA,NA,NA
2024-07-15 16:50:52.1,"North America","Bau Fijians","Primarily Hunter-gatherers",17.9667,178.6167,"11","Tippett, Alan R. (Alan Richard). 1968. “Fijian Material Culture: A Study of Cultural Context, Function, and Change.” In Bernice P. Bishop Museum Bulletin, vi, 193. Honolulu: Bishop Museum Press. https://ehrafworldcultures.yale.edu/document?id=oq12-004.","Yes","No","No","No","No","No","No","No","No","No","No","No","No","No","Yes","Yes","No","No","No","No",NA,NA,"No","No",NA,"Yes","No","No","No","Not enough information from the text. Only mentions about the ceremonial disrobing and the dressing.",NA,NA,NA,NA,NA
2024-07-15 16:55:26.872,"North America","Cherokee","Other Subsistence Combinations",36.3365,-94.8936,"12-13","Gilbert, William Harlen. 1978. “The Eastern Cherokees.” In Bulletin ; Anthropological Papers, 169–413. New York: AMS Press. https://ehrafworldcultures.yale.edu/document?id=nn08-023.","No","Yes","Yes","Yes","Yes","No","Yes","Yes","No","No","Yes","No","No","Yes","No",NA,NA,NA,NA,"No","Less than one month","Less than one month","Yes","Yes",NA,"Yes","No","Yes","Yes","Unclear if rite of passage or therapeutic",NA,NA,NA,NA,NA
2024-07-15 16:57:37.794,"North America","Chipewyans","Hunter-gatherers",58.7133,-111.1575,"14","Hearne, Samuel. 1958. A Journey from Prince of Wales’s Fort in Hudson’s Bay to the Northern Ocean, 1769, 1770, 1771, 1772. Toronto: Macmillan Co. of Canada. https://ehrafworldcultures.yale.edu/document?id=nd07-039.","No","No","No","No","No","No","No","No","No","No","No","No","No","No","No",NA,NA,NA,NA,"No",NA,NA,"No","Yes",NA,"No","No","Yes","No","This was told from the narrator’s perspective. So it was not helpful.",NA,NA,NA,NA,NA
2024-07-17 22:21:44.767,"North America","Deleware","Primarily Hunter-gatherers",38.9108,-75.5277,"17","Heckewelder, John Gottlieb Ernestus. 1819. “An Account of the History, Manners, and Customs, of the Indian Nations: Who Once Inhabited Pennsylvania and the Neighboring States.” In Transactions of the Historical and Literary Committee of the American Philosophical Society, Vol. 1:348. Philadelphia: Abraham Small. https://ehrafworldcultures-yale-edu.ezproxy.bu.edu/document?id=nm07-001.","No","No","No","No","No","No","No","No","No","No","No","No","No","No","No",NA,NA,NA,NA,"No",NA,NA,"No","No",NA,"No","No","No","No","It seems to be a pre battle ritual",NA,NA,NA,NA,NA
2024-07-17 22:50:46.766,"North America","Hidatsa","Intensive Agriculturalists",47.21,-100.23,"28","Bowers, Alfred W. 1965. “Hidatsa Social and Ceremonial Organization.” In Bulletin, xii, 528. Washington, D.C.: U.S. Government Printing Office. https://ehrafworldcultures.yale.edu/document?id=nq14-001.","No","No","No","No","No","No","No","No","No","No","No","No","No","No","No",NA,NA,NA,NA,"No",NA,NA,"No","No",NA,"No","No","No","No",NA,NA,NA,NA,NA,NA
2024-07-17 22:53:52.666,"North America","Hopi","Intensive Agriculturalists",35.8756,-110.6068,"29-30","Beaglehole, Ernest, and Pearl Beaglehole. 1935. “Hopi of the Second Mesa.” In Memoirs of the American Anthropological Association, 65. Menasha, Wisconsin: American Anthropological Association. https://ehrafworldcultures-yale-edu.ezproxy.bu.edu/document?id=nt09-056.","No","Yes","Yes","Yes","Yes","Yes","Yes","Yes","Yes","Yes","Yes","Yes","Yes","Yes","No",NA,NA,NA,NA,NA,"Less than one month","Less than one month","Yes","Yes",NA,"Yes","No","Yes","No",NA,NA,NA,NA,NA,NA
2024-07-17 23:24:10.782,"North America","Kaska","Hunter-gatherers",40.7401,-76.1072,"41-42","Honigmann, John Joseph. 1954. “The Kaska Indians: An Ethnographic Reconstruction.” In Yale University Publications in Anthropology, 162. New Haven, Conn.: Yale University Press. https://ehrafworldcultures.yale.edu/document?id=nd12-006.","Yes","Yes","No","No","No","No","No","No","No","No","No","Yes","Yes","No","Yes","Yes","Yes","Yes","No","No",NA,NA,"No","No",NA,"No","No","No","No",NA,NA,NA,NA,NA,NA
2024-07-18 00:42:28.793,"North America","Maricopa","Primarily Hunter-gatherers",33.2918,-112.429,"48","Spier, Leslie. 1933. “Yuman Tribes of the Gila River.” In The University of Chicago Publications in Anthropology ; Ethnological Series, xviii, 433 , 15 plates. Chicago: University of Chicago Press. https://ehrafworldcultures.yale.edu/document?id=nt43-001.","Yes","Yes","Yes","Yes","Yes","Yes","Yes","Yes","No","No","Yes","No","No","No","No",NA,NA,NA,NA,"No","Less than one month","Less than one month","Yes","No",NA,"Yes","No","No","No",NA,NA,NA,NA,NA,NA
2024-07-18 01:23:12.156,"North America","Navajo","Agro-pastoralists",36.0672,-109.188,"52-53","Hill, W. W. (Willard Williams). 1936. “Navaho Warfare.” In Yale University Publications in Anthropology, 3–19. New Haven: Pub. for the Section of Anthropology, Department of the Social Sciences, Yale University, by the Yale University Press ;  H. Milford, Oxford University Press. https://ehrafworldcultures-yale-edu.ezproxy.bu.edu/document?id=nt13-018.","No","No","No","No","No","No","No","No","Yes","Yes","Yes","Yes","Yes","Yes","No",NA,NA,NA,NA,NA,NA,NA,"Yes","No",NA,"Yes","No","No","No",NA,NA,NA,NA,NA,NA
2024-07-18 01:25:36.152,"North America","Navajo","Agro-pastoralists",36.051,-109.918,"54","Adair, John, and Evon Zartman Vogt. 1949. “Navaho and Zuni Veterans: A Study of Contrasting Modes of Culture Change.” In American Anthropologist, n.s., Vol. 51:547–61. American Anthropological Association, etc. https://ehrafworldcultures.yale.edu/document?id=nt13-050.","No","No","No","No","No","No","No","No","No","Yes","Yes","Yes","Yes","Yes","No",NA,NA,NA,NA,"No",NA,NA,"Yes","No",NA,"No","No","Yes","No",NA,NA,NA,NA,NA,NA
2024-07-18 01:27:25.042,"North America","Navajo","Agro-pastoralists",37.0672,-109.176,"55","Kluckhohn, Clyde, W. W. (Willard Williams) Hill, and Lucy Wales Kluckhohn. 1971. Navaho Material Culture. Cambridge, Mass.: Belknap Press of Harvard University Press. https://ehrafworldcultures.yale.edu/document?id=nt13-192.","No","No","No","No","No","No","No","No","No","No","No","No","No","No","Yes","Yes","No","No","Yes","No",NA,NA,"No","No",NA,"No","No","No","No","Mainly talked about make quivers as a reward for participating in warfare.",NA,NA,NA,NA,NA
2024-07-18 01:29:01.68,"North America","Navajo","Agro-pastoralists",37.0651,-109.187,"56","Reichard, Gladys Amanda. 1928. “Social Life of the Navajo Indians: With Some Attention to Minor Ceremonies.” In Columbia University Contributions to Anthropology, 7:preface, 1-161. New York: Columbia University Press. https://ehrafworldcultures.yale.edu/document?id=nt13-004.","No","No","No","No","No","No","No","No","No","Yes","Yes","Yes","Yes","Yes","No",NA,NA,NA,NA,"No",NA,NA,"Yes","Yes",NA,"Yes","No","Yes","No",NA,NA,NA,NA,NA,NA
2024-07-18 01:35:08.553,"North America","O'odham","Other Subsistence Combinations",31.9887,-112.047,"59","Underhill, Ruth. 1939. “Social Organization of the Papago Indians.” In Contributions to Anthropology, xii, 280. New York: Columbia University Press. https://ehrafworldcultures.yale.edu/document?id=nu79-002.","Yes","No","Yes","Yes","Yes","No","Yes","No","No","No","No","No","No","No","No",NA,NA,NA,NA,"Yes","Text does not specify","Text does not specify","Yes","No",NA,"No","No","Yes","Yes","No information on cultural reward",NA,NA,NA,NA,NA
2024-07-18 01:49:15.401,"North America","Pawnee","Other Subsistence Combinations",36.3378,-96.8039,"65","Grinnell, George Bird. 1889. Pawnee Hero Stories and Folk-Tales, with Notes on the Origin, Customs and Character of the Pawnee People. New York: Forest and Stream Publishing Company. https://ehrafworldcultures-yale-edu.ezproxy.bu.edu/document?id=nq18-020.","No","No","No","No","No","No","No","No","No","No","No","No","No","No","No",NA,NA,NA,NA,"No",NA,NA,"No","No",NA,"No","No","No","No","Talking about sacrificing after capturing slaves",NA,NA,NA,NA,NA
2024-07-18 01:54:07.573,"North America","Seminole","Horticulturalists",27.8397,-82.7912,"68","Weisman, Brent Richards. 1989. Like Beads on a String: A Culture History of the Seminole Indians in Northern Peninsular Florida. Tuscaloosa: University of Alabama Press. https://ehrafworldcultures.yale.edu/document?id=nn16-048.","No","No","No","No","No","No","No","No","No","Yes","Yes","Yes","No","No","No",NA,NA,NA,NA,"No",NA,NA,"No","No",NA,"No","No","No","No","Not sure about ritual, but more of purification to do lists",NA,NA,NA,NA,NA
2024-07-18 01:57:23.828,"North America","Southern Coast Salish","Hunter-gatherers",48.2,-123.1,"70","Elmendorf, William W. (William Welcome). 1960. “The Structure of Twana Culture.” In Research Studies : A Quarterly Publication of Washington State University, Vol. 38:xvi, 576. Pullman, Wash.: Washington State University. https://ehrafworldcultures.yale.edu/document?id=nr26-012.","No","No","No","No","No","No","No","Yes","No","Yes","Yes","No","No","Yes","No",NA,NA,NA,NA,"No",NA,NA,"Yes","Yes",NA,"No","No","Yes","No",NA,NA,NA,NA,NA,NA
2024-07-18 02:04:04.252,"North America","Tewa Pueblos","Intensive Agriculturalists",36.17,-106.03,"73","Ford, Richard I. 1972. “Barter, Gift, or Violence: An Analysis of Tewa Inter Tribal Exchange.” In Social Exchange and Interaction, 21–45, 137–47. Ann Arbor: The University of Michigan. https://ehrafworldcultures.yale.edu/document?id=nt18-017.","No","No","No","No","No","No","No","No","No","No","No","No","No","No","Yes","Yes","No","No","Yes","No",NA,NA,"Yes","No",NA,"Yes","No","No","No","Hard to tell with the cultural reward, and lack of detail on the ritual process",NA,NA,NA,NA,NA
2024-07-18 02:08:02.242,"North America","Tillamook","Hunter-gatherers",45.4562,-123.844,"74-75","Jacobs, Elizabeth Derr. 2003. The Nehalem Tillamook: An Ethnography. Corvallis, Or.: Oregon State University Press. https://ehrafworldcultures.yale.edu/document?id=nr21-006.","Yes","No","Yes","Yes","Yes","No","Yes","Yes","Yes","No","Yes","Yes","No","Yes","No",NA,NA,NA,NA,"Yes","Less than one month","Less than one month","Yes","No",NA,"Yes","No","Yes","Yes",NA,NA,NA,NA,NA,NA
2024-07-18 02:11:06.263,"North America","Tlingit","Hunter-gatherers",58.37,-136.2,"77","Emmons, George Thornton., and Frederica De Laguna. 1991. “The Tlingit Indians.” In Anthropological Papers of the American Museum of Natural History, xl, 488. Seattle: University of Washington Press ; American Museum of Natural History. https://ehrafworldcultures.yale.edu/document?id=na12-031.","No","No","No","No","No","No","No","No","No","Yes","Yes","No","No","No","No",NA,NA,NA,NA,NA,NA,NA,"Yes","Yes",NA,"No","No","No","No",NA,NA,NA,NA,NA,NA
2024-07-18 02:20:30.275,"North America","Western Apache","Primarily Hunter-gatherers",32,-109,"81","Bourke, John Gregory. 1892. “The Medicine-Men of the Apache.” In . Washington: [s.n.]. https://ehrafworldcultures.yale.edu/document?id=nt21-027.","No","No","No","No","No","No","No","No","No","No","No","No","No","No","No",NA,NA,NA,NA,NA,NA,NA,"No","No",NA,"No","No","No","No",NA,NA,NA,NA,NA,NA
2024-07-18 02:23:11.411,"North America","Yuki","Hunter-gatherers",39.7,-123.15,"83","Foster, George McClelland. 1944. “A Summary of Yuki Culture.” In Anthropological Records, v, 155–244. Berkeley: University of California Press. https://ehrafworldcultures.yale.edu/document?id=ns30-002.","No","No","No","No","No","No","No","No","No","No","Yes","No","No","No","No",NA,NA,NA,NA,"No",NA,NA,"No","No",NA,"No","No","No","No","Too little information to say",NA,NA,NA,NA,NA
2024-07-18 02:25:50.795,"North America","Zia Pueblo","Intensive Agriculturalists",35.507,-106.7203,"84-85","White, Leslie A. 1962. “The Pueblo of Sia, New Mexico.” In Bulletin, xii, 358. Washington: U.S. Govt. Print. Off. https://ehrafworldcultures-yale-edu.ezproxy.bu.edu/document?id=nt38-001.","No","No","No","No","No","No","No","No","Yes","No","Yes","Yes","No","No","Yes","Yes","No","No","No",NA,NA,NA,"Yes","No",NA,"Yes","No","No","No",NA,NA,NA,NA,NA,NA
2024-07-18 02:37:11.452,"North America","Zuni","Intensive Agriculturalists",35.0695,-108.8484,"92","Bunzel, Ruth Leah. 1932. “Introduction to Zuñi Ceremonialism.” In 47th Annual Report of the Bureau of American Ethnology, 467–544. Washington: U. S. Government Printing Office. https://ehrafworldcultures.yale.edu/document?id=nt23-005.","No","No","No","Yes","No","No","No","Yes","No","No","No","No","No","No","No",NA,NA,NA,NA,"No",NA,"More than one month","No","No",NA,"No","No","No","Yes",NA,NA,NA,NA,NA,NA
2024-07-18 02:38:58.762,"North America","Zuni","Intensive Agriculturalists",35.0695,-108.8484,"93","Tedlock, Dennis. 1979. “Zuni Religion and World Views.” In Handbook of North American Indians. Southwest, v. 9:499–508. Washington, D. C.: Smithsonian Institution : For sale by the Supt. of Docs., U.S. G.P.O. https://ehrafworldcultures.yale.edu/document?id=nt23-030.","No","No","No","No","No","No","No","No","No","No","No","No","No","No","No",NA,NA,NA,NA,"No",NA,NA,"No","No",NA,"No","No","No","No","Too little details to confirm",NA,NA,NA,NA,NA
2024-07-18 01:32:35.545,"North America","Nuxalk","Hunter-gatherers",52,-126,"58","McIlwraith, T. F. (Thomas Forsyth). 1948. The Bella Coola Indians: Volume One. Toronto: University of Toronto Press. https://ehrafworldcultures.yale.edu/document?id=ne06-001.","No","No","No","No","No","No","No","No","No","No","No","No","No","No","No",NA,NA,NA,NA,NA,NA,NA,"No","No",NA,"No","No","No","No","Not enough details to determine",NA,NA,NA,NA,NA
2024-07-15 17:00:07.14,"Oceania","Chuuk","Other Subsistence Combinations",7.417,151.783,"15","Bollig, Laurentius. 1927. The Inhabitants of the Truk Islands: Religion, Life and a Short Grammar of a Micronesian People. Munster I W.: Aschendorff. https://ehrafworldcultures-yale-edu.ezproxy.bu.edu/document?id=or19-022.","No","No","No","No","No","No","No","No","Yes","Yes","No","Yes","No","No","No",NA,NA,NA,NA,NA,NA,NA,"No","No",NA,"No","No","No","No",NA,NA,NA,NA,NA,NA
2024-07-18 00:54:44.182,"Oceania","Marquesas","Other Subsistence Combinations",-9.7812,-139.0817,"49-50","Handy, E. S. Craighill (Edward Smith Craighill). 1923. “The Native Culture in the Marquesas.” In Bulletin, v, 358. Honolulu: The Museum. https://ehrafworldcultures.yale.edu/document?id=ox06-001.","No","Yes","No","Yes","No","Yes","Yes","No","No","No","Yes","No","No","No","Yes","Yes","No","No","No",NA,NA,"Less than one month","Yes","No",NA,"No","No","No","No",NA,NA,NA,NA,NA,NA
2024-07-18 01:38:35.894,"Oceania","Orokaiva","Other Subsistence Combinations",-8.79,148.09,"60","Williams, F. E. (Francis Edgar), and Hubert Murray. 1930. Orokaiva Society. London: Oxford University Press. https://ehrafworldcultures.yale.edu/document?id=oj23-001.","No","Yes","No","Yes","Yes","Yes","Yes","No","No","No","No","No","No","No","No",NA,NA,NA,NA,NA,NA,"Less than one month","Yes","No",NA,"Yes","Yes","Yes","No",NA,NA,NA,NA,NA,NA
2024-07-18 01:55:23.783,"Oceania","Siwai","Agro-pastoralists",-7,-155,"69","Oliver, Douglas L. 1955. A Solomon Island Society: Kinship and Leadership among the Siuai of Bougainville. Cambridge: Harvard University Press. https://ehrafworldcultures-yale-edu.ezproxy.bu.edu/document?id=on19-001.","No","No","No","No","No","No","No","No","No","Yes","Yes","No","No","No","No",NA,NA,NA,NA,"No",NA,NA,"No","No",NA,"No","No","No","No",NA,NA,NA,NA,NA,NA
2024-07-14 21:42:57,"South America","Amazon and Orinoco","Horticulturalists",5,-55,"2","Carneiro, Robert L. (Robert Leonard). 1962. “The Amahuaca Indians of Eastern Peru.” Explorers Journal Vol. 40 (4): 26–37. https://ehrafworldcultures.yale.edu/document?id=se06-001.","Yes","Yes","Yes","Yes","Yes","Yes","Yes","Yes","No","No","No","No","No","No","No",NA,NA,NA,NA,"Yes","Less than one month","Less than one month","Yes","Yes",NA,"No","No","Yes","Yes","They view the warriors as “dangerous” and so the warriors must overcome their dangerous “condition” so that they can associate with their fellows again",NA,NA,NA,NA,NA
2024-07-14 21:48:32.082,"South America","Jivaro","Horticulturalists",21.708,-79.246,"3-5","Karsten, Rafael. 1935. “The Head-Hunters of Western Amazonas: The Life and Culture of the Jibaro Indians of Eastern Ecuador and Peru.” In Commentationes Humanarum Litterarum, xvi, 598. Helsingfors: Centraltryckeriet. https://ehrafworldcultures.yale.edu/document?id=sd09-001.","Yes","No","No","No","No","Yes","No","No","No","No","Yes","Yes","Yes","Yes","Yes","No","No","No","Yes","Yes",NA,NA,"Yes","No",NA,"Yes","Yes","No","No","N/A",NA,NA,NA,NA,NA
2024-07-15 16:29:15.145,"South America","Yanoama","Horticulturalists",7,-53,"6","Chagnon, Napoleon A. 1967. Yanomamö Warfare, Social Organization and Marriage Alliances. Ann Arbor, Mich.: University Microfilms. https://ehrafworldcultures.yale.edu/document?id=sq18-010.","No","No","Yes","Yes","No","No","No","Yes","Yes","No","Yes","Yes","No","Yes","No",NA,NA,NA,NA,"No","Text does not specify","Text does not specify","Yes","Yes",NA,"No","No","Yes","No","This purification rites shares similar elements to their female puberty rites",NA,NA,NA,NA,NA
2024-07-15 16:33:07.691,"South America","Yanoama","Horticulturalists",7,-53,"7","Chagnon, Napoleon A. 1968. “Ya̦nomamö, the Fierce People: The Fierce People.” In Case Studies in Cultural Anthropology, xiv, 142. New York: Holt, Rinehart and Winston. https://ehrafworldcultures.yale.edu/document?id=sq18-011.","No","Yes","Yes","Yes","No","Yes","No","Yes","No","No","Yes","Yes","Yes","Yes","No",NA,NA,NA,NA,"No","Text does not specify","Text does not specify","Yes","Yes",NA,"No","No","Yes","No","It’s more therapeutic during it being a period of separation to “heal”",NA,NA,NA,NA,NA
2024-07-17 22:29:01.83,"South America","Canela","Primarily Hunter-gatherers",-29.3638,-50.8114,"19","Nimuendaju, Curt, and Robert Harry Lowie. 1946. “The Eastern Timbira.” In University of California Publications in American Archaeology and Ethnology, 41:x, 357 , 42 plates. Berkeley And Los Angeles: Universtiy of California Press. https://ehrafworldcultures.yale.edu/document?id=so08-001.","Yes","Yes","Yes","Yes","Yes","Yes","Yes","Yes","Yes","No","No","No","No","No","No",NA,NA,NA,NA,"No","Less than one month","Less than one month","Yes","No",NA,"Yes","No","No","No","Mainly rite of passage to reintegrate.",NA,NA,NA,NA,NA
2024-07-17 23:19:23.166,"South America","Jivaro","Horticulturalists",21.708,-79.246,"39","Reiss, W. (Wilhelm). 1880. “A Visit among the Jivaro Indians.” Verhandlungen Der Gesellschaft Für Erdkunde Zu Berlin Vol. 7: 325–37. https://ehrafworldcultures.yale.edu/document?id=sd09-033.","Yes","Yes","Yes","Yes","Yes","Yes","Yes","Yes","No","No","Yes","No","No","No","No",NA,NA,NA,NA,"Yes","Text does not specify","Text does not specify","Yes","Yes",NA,"No","No","Yes","Yes",NA,NA,NA,NA,NA,NA
2024-07-17 23:20:24.937,"South America","Jivaro","Horticulturalists",21.708,-79.246,"40","Harner, Michael J. 1973. The Jívaro: People of the Sacred Waterfalls. Garden City, N.Y.: Anchor Press / Doubleday. https://ehrafworldcultures-yale-edu.ezproxy.bu.edu/document?id=sd09-034.","No","No","No","No","No","No","No","No","No","No","No","No","No","No","No",NA,NA,NA,NA,"No",NA,NA,"No","No",NA,"No","No","No","No",NA,NA,NA,NA,NA,NA
2024-07-18 02:00:42.618,"South America","Enlhet and Enxet","Hunter-gatherers",-22.5,-59,"71","Loewen, Jacob A. (Jacob Abram). 1967. “Lengua Festivals and Functional Substitutes.” Practical Anthropology Vol. 14 (1): 15–36. https://ehrafworldcultures.yale.edu/document?id=sk15-004.","Yes","No","No","No","No","Yes","No","No","No","No","No","No","No","No","Yes","Yes","No","Yes","Yes","No",NA,NA,"No","No",NA,"Yes","No","No","No","Unsure, as it said “scarping festival”",NA,NA,NA,NA,NA
2024-07-18 02:22:00.983,"South America","Yanoama","Horticulturalists",7,-53,"82","Becher, Hans, and Frieda Schütze. 1960. “The Surara and Pakidai, Two Yanoama Tribes in Northwest Brazil.” In Mitteilungen, 26:1-133  [HRAF ms.: vii, 281 ]. Hamburg: Kommissionsverlag Cram, De Gruyter & Co. https://ehrafworldcultures-yale-edu.ezproxy.bu.edu/document?id=sq18-002.","Yes","No","Yes","No","No","No","No","No","No","No","No","No","No","No","No",NA,NA,NA,NA,"No","Text does not specify",NA,"No","No",NA,"No","No","No","No",NA,NA,NA,NA,NA,NA
2024-07-17 23:36:54.441,"South America","Mapuche","Intensive Agriculturalists",-37,-73,"45","Latcham, Richard E. 1909. “Ethnology of the Araucanos.” Journal of the Royal Institute of Great Britain and Ireland Vol. 39: 334-370 , 2 plates. https://ehrafworldcultures-yale-edu.ezproxy.bu.edu/document?id=sg04-004.","No","No","No","No","No","No","No","No","No","No","No","No","No","No","Yes","Yes","No","No","Yes","No",NA,NA,"No","No",NA,"No","No","No","No",NA,NA,NA,NA,NA,NA
NA,NA,NA,NA,NA,NA,NA,NA,NA,NA,NA,NA,NA,NA,NA,NA,NA,NA,NA,NA,NA,NA,NA,NA,NA,NA,NA,NA,NA,NA,NA,NA,NA,NA,NA,NA,NA,NA,NA,NA,NA,NA,NA
NA,NA,NA,NA,NA,NA,NA,"Yes %","0.3380281690140845","0.26760563380281688","0.23943661971830985","0.26760563380281688","0.21126760563380281","0.21126760563380281","0.22535211267605634","0.29577464788732394","0.28169014084507044","0.38028169014084506","0.52112676056338025","0.39436619718309857","0.29577464788732394","0.38028169014084506","0.323943661971831","0.91304347826086951","0.13043478260869565","0.30434782608695654","0.56521739130434778","0.22916666666666666",NA,NA,"0.57746478873239437","0.38028169014084506",NA,"0.47887323943661969","5.6338028169014086E-2","0.39436619718309857","0.15492957746478872",NA,NA,NA,NA,NA,NA
NA,NA,NA,NA,NA,NA,NA,"No %","0.6619718309859155","0.73239436619718312","0.76056338028169013","0.73239436619718312","0.76056338028169013","0.71830985915492962","0.73239436619718312","0.70422535211267601","0.71830985915492962","0.61971830985915488","0.47887323943661969","0.60563380281690138","0.59154929577464788","0.47887323943661969","0.676056338028169","8.6956521739130432E-2","0.86956521739130432","0.69565217391304346","0.43478260869565216","0.77083333333333337",NA,NA,"0.42253521126760563","0.61971830985915488",NA,"0.52112676056338025","0.94366197183098588","0.60563380281690138","0.84507042253521125",NA,NA,NA,NA,NA,NA
NA,NA,NA,NA,NA,NA,NA,NA,"24","19","17","19","15","15","16","21","20","27","37","28","21","27","23","21","3","7","13","11",NA,NA,"41","27",NA,"34","4","28","11",NA,NA,NA,NA,NA,NA
NA,NA,NA,NA,NA,NA,NA,NA,"47","52","54","52","54","51","52","50","51","44","34","43","42","34","48","2","20","16","10","37",NA,NA,"30","44",NA,"37","67","43","60",NA,NA,NA,NA,NA,NA
NA,NA,NA,NA,NA,NA,NA,NA,NA,NA,NA,NA,NA,NA,NA,NA,NA,NA,NA,NA,NA,NA,NA,NA,NA,NA,NA,NA,NA,NA,NA,NA,NA,NA,NA,NA,NA,NA,NA,NA,NA,NA,NA
NA,NA,NA,NA,NA,NA,NA,NA,NA,NA,NA,NA,NA,NA,NA,NA,NA,NA,NA,NA,NA,NA,NA,NA,NA,NA,NA,NA,NA,NA,NA,NA,NA,NA,NA,NA,NA,NA,NA,NA,NA,NA,NA
NA,NA,NA,NA,NA,NA,NA,NA,NA,NA,NA,NA,NA,NA,NA,NA,NA,NA,NA,NA,NA,NA,NA,NA,NA,NA,NA,NA,NA,NA,NA,NA,NA,NA,NA,NA,NA,NA,NA,NA,NA,NA,NA
NA,NA,NA,NA,NA,NA,NA,NA,NA,NA,NA,NA,NA,NA,NA,NA,NA,NA,NA,NA,NA,NA,NA,NA,NA,NA,NA,NA,NA,NA,NA,NA,NA,NA,NA,NA,NA,NA,NA,NA,NA,NA,NA
NA,NA,NA,NA,NA,NA,NA,NA,NA,NA,NA,NA,NA,NA,NA,NA,NA,NA,NA,NA,NA,NA,NA,NA,NA,NA,NA,NA,NA,NA,NA,NA,NA,NA,NA,NA,NA,NA,NA,NA,NA,NA,NA
NA,NA,NA,NA,NA,NA,NA,NA,NA,NA,NA,NA,NA,NA,NA,NA,NA,NA,NA,NA,NA,NA,NA,NA,NA,NA,NA,NA,NA,NA,NA,NA,NA,NA,NA,NA,NA,NA,NA,NA,NA,NA,NA
NA,NA,NA,NA,NA,NA,NA,NA,NA,NA,NA,NA,NA,NA,NA,NA,NA,NA,NA,NA,NA,NA,NA,NA,NA,NA,NA,NA,NA,NA,NA,NA,NA,NA,NA,NA,NA,NA,NA,NA,NA,NA,NA
NA,NA,NA,NA,NA,NA,NA,NA,NA,NA,NA,NA,NA,NA,NA,NA,NA,NA,NA,NA,NA,NA,NA,NA,NA,NA,NA,NA,NA,NA,NA,NA,NA,NA,NA,NA,NA,NA,NA,NA,NA,NA,NA
NA,NA,NA,NA,NA,NA,NA,NA,NA,NA,NA,NA,NA,NA,NA,NA,NA,NA,NA,NA,NA,NA,NA,NA,NA,NA,NA,NA,NA,NA,NA,NA,NA,NA,NA,NA,NA,NA,NA,NA,NA,NA,NA
NA,NA,NA,NA,NA,NA,NA,NA,NA,NA,NA,NA,NA,NA,NA,NA,NA,NA,NA,NA,NA,NA,NA,NA,NA,NA,NA,NA,NA,NA,NA,NA,NA,NA,NA,NA,NA,NA,NA,NA,NA,NA,NA
NA,NA,NA,NA,NA,NA,NA,NA,NA,NA,NA,NA,NA,NA,NA,NA,NA,NA,NA,NA,NA,NA,NA,NA,NA,NA,NA,NA,NA,NA,NA,NA,NA,NA,NA,NA,NA,NA,NA,NA,NA,NA,NA
NA,NA,NA,NA,NA,NA,NA,NA,NA,NA,NA,NA,NA,NA,NA,NA,NA,NA,NA,NA,NA,NA,NA,NA,NA,NA,NA,NA,NA,NA,NA,NA,NA,NA,NA,NA,NA,NA,NA,NA,NA,NA,NA
NA,NA,NA,NA,NA,NA,NA,NA,NA,NA,NA,NA,NA,NA,NA,NA,NA,NA,NA,NA,NA,NA,NA,NA,NA,NA,NA,NA,NA,NA,NA,NA,NA,NA,NA,NA,NA,NA,NA,NA,NA,NA,NA
NA,NA,NA,NA,NA,NA,NA,NA,NA,NA,NA,NA,NA,NA,NA,NA,NA,NA,NA,NA,NA,NA,NA,NA,NA,NA,NA,NA,NA,NA,NA,NA,NA,NA,NA,NA,NA,NA,NA,NA,NA,NA,NA
NA,NA,NA,NA,NA,NA,NA,NA,NA,NA,NA,NA,NA,NA,NA,NA,NA,NA,NA,NA,NA,NA,NA,NA,NA,NA,NA,NA,NA,NA,NA,NA,NA,NA,NA,NA,NA,NA,NA,NA,NA,NA,NA
NA,NA,NA,NA,NA,NA,NA,NA,NA,NA,NA,NA,NA,NA,NA,NA,NA,NA,NA,NA,NA,NA,NA,NA,NA,NA,NA,NA,NA,NA,NA,NA,NA,NA,NA,NA,NA,NA,NA,NA,NA,NA,NA
NA,NA,NA,NA,NA,NA,NA,NA,NA,NA,NA,NA,NA,NA,NA,NA,NA,NA,NA,NA,NA,NA,NA,NA,NA,NA,NA,NA,NA,NA,NA,NA,NA,NA,NA,NA,NA,NA,NA,NA,NA,NA,NA
NA,NA,NA,NA,NA,NA,NA,NA,NA,NA,NA,NA,NA,NA,NA,NA,NA,NA,NA,NA,NA,NA,NA,NA,NA,NA,NA,NA,NA,NA,NA,NA,NA,NA,NA,NA,NA,NA,NA,NA,NA,NA,NA
NA,NA,NA,NA,NA,NA,NA,NA,NA,NA,NA,NA,NA,NA,NA,NA,NA,NA,NA,NA,NA,NA,NA,NA,NA,NA,NA,NA,NA,NA,NA,NA,NA,NA,NA,NA,NA,NA,NA,NA,NA,NA,NA
NA,NA,NA,NA,NA,NA,NA,NA,NA,NA,NA,NA,NA,NA,"16","27",NA,NA,NA,NA,NA,NA,NA,NA,NA,NA,NA,NA,NA,NA,NA,NA,NA,NA,NA,NA,NA,NA,NA,NA,NA,NA,NA
